{
  "version": "0.6.0-beta.0",
  "graph": {
    "nodes": [
      {
        "id": "n0",
        "position": {
          "x": -119,
          "y": 3
        },
        "caption": "Session"
      },
      {
        "id": "n1",
        "position": {
          "x": 90.5,
          "y": -138
        },
        "caption": "Speaker"
      }
    ],
    "relationships": [
      {
        "id": "n0",
        "type": "PRESENTS",
        "fromId": "n1",
        "toId": "n0"
      }
    ]
  },
  "dataModel": {
    "fileModel": {
      "fileSchemas": {
        "Discover NODES - Speakers.csv": {
          "expanded": true,
          "fields": [
            {
              "name": "Speaker Id",
              "type": "string",
              "sample": "015f0130-38c8-40ae-b334-4e836173f659",
              "include": true
            },
            {
              "name": "FirstName",
              "type": "string",
              "sample": "Benjamin",
              "include": true
            },
            {
              "name": "LastName",
              "type": "string",
              "sample": "Geugan",
              "include": true
            },
            {
              "name": "TagLine",
              "type": "string",
              "sample": "Graphable, Consultant",
              "include": true
            },
            {
              "name": "Bio",
              "type": "string",
              "sample": "Benjamin Guegan is a Consultant at Graphable. He holds a MS in Computer Science, with additional education in other diverse engineering disciplines. As part of the Global Serialization Initiative, he managed the system implementation project of the European Union Falsified Medicine Directive, for four branches of a contract manufacturing group. Benjamin likes to keep a focus on Global Best Practices and is capable in a variety of different programming techniques and languages. Outside of Graphable, he enjoys spending time with his children.",
              "include": true
            },
            {
              "name": "timezone",
              "type": "string",
              "sample": "",
              "include": true
            },
            {
              "name": "City",
              "type": "string",
              "sample": "",
              "include": true
            },
            {
              "name": "Country",
              "type": "string",
              "sample": "",
              "include": true
            },
            {
              "name": "Ninja",
              "type": "string",
              "sample": "",
              "include": true
            },
            {
              "name": "LinkedIn",
              "type": "string",
              "sample": "",
              "include": true
            },
            {
              "name": "Blog",
              "type": "string",
              "sample": "",
              "include": true
            },
            {
              "name": "Twitter",
              "type": "string",
              "sample": "",
              "include": true
            },
            {
              "name": "Company Website",
              "type": "string",
              "sample": "",
              "include": true
            },
            {
              "name": "Profile Picture",
              "type": "string",
              "sample": "https://sessionize.com/image/f758-400o400o2-31H8gPXcWabg9PdK2sZEjC.png",
              "include": true
            }
          ]
        },
        "Discover NODES - Sessions.csv": {
          "expanded": true,
          "fields": [
            {
              "name": "Session Id",
              "type": "integer",
              "sample": "369057",
              "include": true
            },
            {
              "name": "Title",
              "type": "string",
              "sample": "Blazing Fast Graphs 🔥: Hands-On With Apache Arrow and Neo4j",
              "include": true
            },
            {
              "name": "Description",
              "type": "string",
              "sample": "Learn how to leverage Apache Arrow for blazing fast construction of Neo4j graph projections, ludicrously fast exporting of complex graph features, and more. If you're a Data Scientist looking to experiment with your millions of node embeddings or a Data Engineer looking to decrease deployment time, you should check out Neo4j's Apache Arrow support!\r\n\r\nWe'll work through exercises loading data from cloud object storage and cloud data warehouses directly to Neo4j. Since this is about the full lifecycle, we'll also work through pulling the data back out into other cloud storage systems.\r\n\r\nAlong the way, we'll cover some best practices related to:\r\n\r\n* using the Neo4j Graph Data Science Python client\r\n* how to parallelize in Python without headaches",
              "include": true
            },
            {
              "name": "Speakers",
              "type": "string",
              "sample": "Dave Voutila",
              "include": true
            },
            {
              "name": "Session format",
              "type": "string",
              "sample": "Workshop >2 hours",
              "include": true
            },
            {
              "name": "Level",
              "type": "string",
              "sample": "Advanced",
              "include": true
            },
            {
              "name": "Pre-requisites for attendees?",
              "type": "string",
              "sample": "Python knowledge (can import modules, write a function, and use core primatives like Dictionaries), familiarity with a Jupyter notebook",
              "include": true
            },
            {
              "name": "Topic of your presentation",
              "type": "string",
              "sample": "Performance, Graph Data Science",
              "include": true
            },
            {
              "name": "Neo4j Use-Case",
              "type": "string",
              "sample": "General",
              "include": true
            },
            {
              "name": "Your Timezone",
              "type": "string",
              "sample": "US Eastern",
              "include": true
            },
            {
              "name": "Status",
              "type": "string",
              "sample": "Accepted",
              "include": true
            },
            {
              "name": "Date Submitted",
              "type": "string",
              "sample": "25 Jul 2022 08:49 PM",
              "include": true
            },
            {
              "name": "Speaker Ids",
              "type": "string",
              "sample": "1072622f-3c07-4256-8a51-0ecbb22044f0",
              "include": true
            }
          ]
        }
      }
    },
    "graphModel": {
      "nodeSchemas": {
        "n0": {
          "label": "Session",
          "additionLabels": [],
          "labelProperties": [],
          "properties": [
            {
              "property": "Session Id",
              "type": "string",
              "identifier": "X9DSWn87pIb8jC9zEfESB"
            },
            {
              "property": "Title",
              "type": "string",
              "identifier": "g_EL1WuKhMUMuP1U-JsOK"
            },
            {
              "property": "Description",
              "type": "string",
              "identifier": "eNTakIS4veaMEZydBp2yp"
            },
            {
              "property": "Session format",
              "type": "string",
              "identifier": "05sIRp2t8PSaxSioRWwqp"
            },
            {
              "property": "Level",
              "type": "string",
              "identifier": "RoB3cfKRwF9AJ9jpHwacc"
            },
            {
              "property": "Pre-requisites for attendees?",
              "type": "string",
              "identifier": "kQRz2tdYM4pgjwGdIoaHF"
            },
            {
              "property": "Topic of your presentation",
              "type": "string",
              "identifier": "0ZutPxV91Zs3RQ3Guqe-f"
            },
            {
              "property": "Neo4j Use-Case",
              "type": "string",
              "identifier": "f9ESo7UwtOuoI2gidZgMY"
            },
            {
              "property": "Internet/AV setup",
              "type": "string",
              "identifier": "1N8x6X-p9kLHYbn0DzzVK"
            },
            {
              "property": "Your Timezone",
              "type": "string",
              "identifier": "cZsBfmdJDz6_jLBDMNb8_"
            },
            {
              "property": "Status",
              "type": "string",
              "identifier": "7JVRR3P2hOBypZudYD5L0"
            },
            {
              "property": "Date Submitted",
              "type": "string",
              "identifier": "e9nM7Qivma5Vf77YYVAp3"
            },
            {
              "property": "Speaker Ids",
              "type": "string",
              "identifier": "jv2Q6VKo30SWzEmOZ5Y9m"
            }
          ],
          "key": {
            "properties": [
              "X9DSWn87pIb8jC9zEfESB"
            ],
            "name": ""
          }
        },
        "n1": {
          "label": "Speaker",
          "additionLabels": [],
          "labelProperties": [],
          "properties": [
            {
              "property": "Speaker Id",
              "type": "string",
              "identifier": "tpv_sePVrTGQ7LaHr3HZF"
            },
            {
              "property": "FirstName",
              "type": "string",
              "identifier": "3WsRTUPH212-_5RjE10bD"
            },
            {
              "property": "LastName",
              "type": "string",
              "identifier": "LTQ5vK2FqFcSqDiN6Arj-"
            },
            {
              "property": "TagLine",
              "type": "string",
              "identifier": "spSHFTWKfGr4lWtCDKHod"
            },
            {
              "property": "Bio",
              "type": "string",
              "identifier": "UXer12TBqvUIoydcL-tlp"
            },
            {
              "property": "timezone",
              "type": "string",
              "identifier": "eP30nPGw_NMRjdPd28mGu"
            },
            {
              "property": "City",
              "type": "string",
              "identifier": "IjuFc6rD6En7gZl6B3kiT"
            },
            {
              "property": "Country",
              "type": "string",
              "identifier": "Q_LUZNhzD5hKYOkuliN07"
            },
            {
              "property": "Ninja",
              "type": "string",
              "identifier": "U3ZM0KoiWbNRjWq2VcznA"
            },
            {
              "property": "LinkedIn",
              "type": "string",
              "identifier": "4aTA5Z9esa04RCE5ALknu"
            },
            {
              "property": "Blog",
              "type": "string",
              "identifier": "bbtpG1eXrySj4pD4orv4G"
            },
            {
              "property": "Twitter",
              "type": "string",
              "identifier": "I9iQhYsnt50VJ8BOlmcyo"
            },
            {
              "property": "Company Website",
              "type": "string",
              "identifier": "K4aPY9RG3poCESTcoz3h_"
            },
            {
              "property": "Profile Picture",
              "type": "string",
              "identifier": "jUeNE8AofDCErO9_UT1zc"
            }
          ],
          "key": {
            "properties": [
              "tpv_sePVrTGQ7LaHr3HZF"
            ],
            "name": ""
          }
        }
      },
      "relationshipSchemas": {
        "n0": {
          "type": "PRESENTS",
          "sourceNodeSchema": "n1",
          "targetNodeSchema": "n0",
          "properties": []
        }
      }
    },
    "mappingModel": {
      "nodeMappings": {
        "n0": {
          "nodeSchema": "n0",
          "fileSchema": "Discover NODES - Sessions.csv",
          "mappings": [
            {
              "field": "Session Id"
            },
            {
              "field": "Title"
            },
            {
              "field": "Description"
            },
            {
              "field": "Session format"
            },
            {
              "field": "Level"
            },
            {
              "field": "Pre-requisites for attendees?"
            },
            {
              "field": "Topic of your presentation"
            },
            {
              "field": "Neo4j Use-Case"
            },
            {
              "field": "Internet/AV setup"
            },
            {
              "field": "Your Timezone"
            },
            {
              "field": "Status"
            },
            {
              "field": "Date Submitted"
            },
            {
              "field": "Speaker Ids"
            }
          ]
        },
        "n1": {
          "nodeSchema": "n1",
          "fileSchema": "Discover NODES - Speakers.csv",
          "mappings": [
            {
              "field": "Speaker Id"
            },
            {
              "field": "FirstName"
            },
            {
              "field": "LastName"
            },
            {
              "field": "TagLine"
            },
            {
              "field": "Bio"
            },
            {
              "field": "timezone"
            },
            {
              "field": "City"
            },
            {
              "field": "Country"
            },
            {
              "field": "Ninja"
            },
            {
              "field": "LinkedIn"
            },
            {
              "field": "Blog"
            },
            {
              "field": "Twitter"
            },
            {
              "field": "Company Website"
            },
            {
              "field": "Profile Picture"
            }
          ]
        }
      },
      "relationshipMappings": {
        "n0": {
          "relationshipSchema": "n0",
          "mappings": [],
          "sourceMappings": [
            {
              "field": "Speaker Ids"
            }
          ],
          "targetMappings": [
            {
              "field": "Session Id"
            }
          ],
          "fileSchema": "Discover NODES - Sessions.csv"
        }
      }
    },
    "configurations": {
      "idsToIgnore": []
    }
  }
}