{
  "version": "0.0.1",
  "graph": {
    "nodes": [
      {
        "id": "n0",
        "position": {
          "x": 124,
          "y": -187
        },
        "caption": "Person"
      }
    ],
    "relationships": [
      {
        "id": "n0",
        "type": "MOTHER",
        "fromId": "n0",
        "toId": "n0"
      },
      {
        "id": "n1",
        "type": "FATHER",
        "fromId": "n0",
        "toId": "n0"
      }
    ]
  },
  "dataModel": {
    "fileModel": {
      "fileSchemas": {
        "presidents.csv": {
          "expanded": true,
          "fields": [
            {
              "name": "first",
              "type": "string",
              "sample": "Paul",
              "include": true
            },
            {
              "name": "last",
              "type": "string",
              "sample": "Stobbe",
              "include": true
            },
            {
              "name": "birth",
              "type": "string",
              "sample": "-1",
              "include": true
            },
            {
              "name": "death",
              "type": "string",
              "sample": "-1",
              "include": true
            },
            {
              "name": "gender",
              "type": "string",
              "sample": "M",
              "include": true
            },
            {
              "name": "id",
              "type": "string",
              "sample": "@I2184@",
              "include": true
            },
            {
              "name": "mother",
              "type": "string",
              "include": true
            },
            {
              "name": "father",
              "type": "string",
              "include": true
            }
          ]
        }
      }
    },
    "graphModel": {
      "nodeSchemas": {
        "n0": {
          "label": "Person",
          "additionLabels": [],
          "labelProperties": [],
          "properties": [
            {
              "property": "first",
              "type": "string"
            },
            {
              "property": "last",
              "type": "string"
            },
            {
              "property": "birth",
              "type": "integer"
            },
            {
              "property": "death",
              "type": "integer"
            },
            {
              "property": "gender",
              "type": "string"
            },
            {
              "property": "id",
              "type": "string"
            }
          ],
          "key": {
            "properties": [
              5
            ],
            "name": ""
          }
        }
      },
      "relationshipSchemas": {
        "n0": {
          "type": "MOTHER",
          "sourceNodeSchema": "n0",
          "targetNodeSchema": "n0",
          "properties": []
        },
        "n1": {
          "type": "FATHER",
          "sourceNodeSchema": "n0",
          "targetNodeSchema": "n0",
          "properties": []
        }
      }
    },
    "mappingModel": {
      "nodeMappings": {
        "n0": {
          "nodeSchema": "n0",
          "fileSchema": "presidents.csv",
          "mappings": [
            {
              "field": "first"
            },
            {
              "field": "last"
            },
            {
              "field": "birth"
            },
            {
              "field": "death"
            },
            {
              "field": "gender"
            },
            {
              "field": "id"
            }
          ]
        }
      },
      "relationshipMappings": {
        "n0": {
          "relationshipSchema": "n0",
          "mappings": [],
          "sourceMappings": [
            {
              "field": "id"
            }
          ],
          "targetMappings": [
            {
              "field": "mother"
            }
          ],
          "fileSchema": "presidents.csv"
        },
        "n1": {
          "relationshipSchema": "n1",
          "mappings": [],
          "sourceMappings": [
            {
              "field": "id"
            }
          ],
          "targetMappings": [
            {
              "field": "father"
            }
          ],
          "fileSchema": "presidents.csv"
        }
      }
    }
  },
  "configurations": {
    "hasAcceptedTermsAndConditions": false
  }
}