{
  "version": "0.1.2-beta.4",
  "graph": {
    "nodes": [
      {
        "id": "n0",
        "position": {
          "x": -1,
          "y": 21
        },
        "caption": "Book"
      },
      {
        "id": "n1",
        "position": {
          "x": 264,
          "y": 21
        },
        "caption": "Author"
      },
      {
        "id": "n2",
        "position": {
          "x": -1,
          "y": -223.5
        },
        "caption": "Tag"
      },
      {
        "id": "n3",
        "position": {
          "x": -266,
          "y": 21
        },
        "caption": "User"
      }
    ],
    "relationships": [
      {
        "id": "n0",
        "type": "WROTE",
        "fromId": "n1",
        "toId": "n0"
      },
      {
        "id": "n1",
        "type": "TAGGED",
        "fromId": "n0",
        "toId": "n2"
      },
      {
        "id": "n2",
        "type": "RATED",
        "fromId": "n3",
        "toId": "n0"
      }
    ]
  },
  "dataModel": {
    "fileModel": {
      "fileSchemas": {
        "tags_reduced.csv": {
          "expanded": true,
          "fields": [
            {
              "name": "tag_id",
              "type": "string",
              "sample": "10007",
              "include": true
            },
            {
              "name": "tag_name",
              "type": "string",
              "sample": "dune",
              "include": true
            }
          ]
        },
        "book_tags_reduced.csv": {
          "expanded": true,
          "fields": [
            {
              "name": "goodreads_book_id",
              "type": "string",
              "sample": "1",
              "include": true
            },
            {
              "name": "tag_id",
              "type": "string",
              "sample": "30574",
              "include": true
            },
            {
              "name": "count",
              "type": "string",
              "sample": "167697",
              "include": true
            }
          ]
        },
        "books.csv": {
          "expanded": true,
          "fields": [
            {
              "name": "id",
              "type": "string",
              "sample": "1",
              "include": true
            },
            {
              "name": "book_id",
              "type": "string",
              "sample": "2767052",
              "include": true
            },
            {
              "name": "best_book_id",
              "type": "string",
              "sample": "2767052",
              "include": true
            },
            {
              "name": "work_id",
              "type": "string",
              "sample": "2792775",
              "include": true
            },
            {
              "name": "books_count",
              "type": "string",
              "sample": "272",
              "include": true
            },
            {
              "name": "isbn",
              "type": "string",
              "sample": "439023483",
              "include": true
            },
            {
              "name": "isbn13",
              "type": "string",
              "sample": "9.78043902348e+12",
              "include": true
            },
            {
              "name": "authors",
              "type": "string",
              "sample": "Suzanne Collins",
              "include": true
            },
            {
              "name": "original_publication_year",
              "type": "string",
              "sample": "2008.0",
              "include": true
            },
            {
              "name": "original_title",
              "type": "string",
              "sample": "The Hunger Games",
              "include": true
            },
            {
              "name": "title",
              "type": "string",
              "sample": "The Hunger Games (The Hunger Games, #1)",
              "include": true
            },
            {
              "name": "language_code",
              "type": "string",
              "sample": "eng",
              "include": true
            },
            {
              "name": "average_rating",
              "type": "string",
              "sample": "4.34",
              "include": true
            },
            {
              "name": "ratings_count",
              "type": "string",
              "sample": "4780653",
              "include": true
            },
            {
              "name": "work_ratings_count",
              "type": "string",
              "sample": "4942365",
              "include": true
            },
            {
              "name": "work_text_reviews_count",
              "type": "string",
              "sample": "155254",
              "include": true
            },
            {
              "name": "ratings_1",
              "type": "string",
              "sample": "66715",
              "include": true
            },
            {
              "name": "ratings_2",
              "type": "string",
              "sample": "127936",
              "include": true
            },
            {
              "name": "ratings_3",
              "type": "string",
              "sample": "560092",
              "include": true
            },
            {
              "name": "ratings_4",
              "type": "string",
              "sample": "1481305",
              "include": true
            },
            {
              "name": "ratings_5",
              "type": "string",
              "sample": "2706317",
              "include": true
            },
            {
              "name": "image_url",
              "type": "string",
              "sample": "https://images.gr-assets.com/books/1447303603m/2767052.jpg",
              "include": true
            },
            {
              "name": "small_image_url",
              "type": "string",
              "sample": "https://images.gr-assets.com/books/1447303603s/2767052.jpg",
              "include": true
            }
          ]
        },
        "ratings.csv": {
          "expanded": true,
          "fields": [
            {
              "name": "book_id",
              "type": "string",
              "sample": "1",
              "include": true
            },
            {
              "name": "user_id",
              "type": "string",
              "sample": "314",
              "include": true
            },
            {
              "name": "rating",
              "type": "string",
              "sample": "5",
              "include": true
            }
          ]
        }
      }
    },
    "graphModel": {
      "nodeSchemas": {
        "n0": {
          "label": "Book",
          "additionLabels": [],
          "labelProperties": [],
          "properties": [
            {
              "property": "book_id",
              "type": "string",
              "identifier": "98ad1730-9dd6-4fe4-bc7b-d57717ab0a25"
            },
            {
              "property": "isbn",
              "type": "string",
              "identifier": "27764a8c-293e-4ccf-b99d-90bb30b1c132"
            },
            {
              "property": "isbn13",
              "type": "string",
              "identifier": "29eecde3-8186-4708-b302-43dd3f1f5706"
            },
            {
              "property": "year",
              "type": "integer",
              "identifier": "92c6c255-1c66-4686-adc7-fe9f28bf680e"
            },
            {
              "property": "original_title",
              "type": "string",
              "identifier": "0bdd74b7-a083-4550-9c77-8574d01c2a63"
            },
            {
              "property": "title",
              "type": "string",
              "identifier": "a534cef0-9636-4e43-a667-23b1e069a618"
            },
            {
              "property": "language",
              "type": "string",
              "identifier": "8f1a769c-f2aa-4fd7-b056-aa79407a3a3d"
            },
            {
              "property": "average_rating",
              "type": "float",
              "identifier": "90d969bd-e7fc-4ac1-a76b-10b0390139bd"
            },
            {
              "property": "ratings_count",
              "type": "integer",
              "identifier": "7cbcabf7-b1e5-4a54-8479-b9d804a19a05"
            },
            {
              "property": "image_url",
              "type": "string",
              "identifier": "8a23d4ae-79cc-45ce-ac98-29d7a2533f71"
            },
            {
              "property": "small_image_url",
              "type": "string",
              "identifier": "0bcf79a5-058f-4ead-a33b-ddecc3a8503b"
            }
          ],
          "key": {
            "properties": [
              "98ad1730-9dd6-4fe4-bc7b-d57717ab0a25"
            ],
            "name": ""
          }
        },
        "n1": {
          "label": "Author",
          "additionLabels": [],
          "labelProperties": [],
          "properties": [
            {
              "property": "author",
              "type": "string",
              "identifier": "f611d585-dda2-47f4-ac89-cfb35a54cc44"
            }
          ],
          "key": {
            "properties": [
              "f611d585-dda2-47f4-ac89-cfb35a54cc44"
            ],
            "name": ""
          }
        },
        "n2": {
          "label": "Tag",
          "additionLabels": [],
          "labelProperties": [],
          "properties": [
            {
              "property": "tag_id",
              "type": "string",
              "identifier": "46bf101b-5000-458c-9f7d-af0e6af69624"
            },
            {
              "property": "name",
              "type": "string",
              "identifier": "377036ea-6080-4011-99af-1d4f04a8fe97"
            }
          ],
          "key": {
            "properties": [
              "46bf101b-5000-458c-9f7d-af0e6af69624"
            ],
            "name": ""
          }
        },
        "n3": {
          "label": "User",
          "additionLabels": [],
          "labelProperties": [],
          "properties": [
            {
              "property": "user_id",
              "type": "string",
              "identifier": "ffd51bfa-66af-40d2-a431-233c6a580283"
            }
          ],
          "key": {
            "properties": [
              "ffd51bfa-66af-40d2-a431-233c6a580283"
            ],
            "name": ""
          }
        }
      },
      "relationshipSchemas": {
        "n0": {
          "type": "WROTE",
          "sourceNodeSchema": "n1",
          "targetNodeSchema": "n0",
          "properties": []
        },
        "n1": {
          "type": "TAGGED",
          "sourceNodeSchema": "n0",
          "targetNodeSchema": "n2",
          "properties": [
            {
              "property": "count",
              "type": "integer",
              "identifier": "559eba7b-9172-4c32-8772-31944e9a099b"
            }
          ]
        },
        "n2": {
          "type": "RATED",
          "sourceNodeSchema": "n3",
          "targetNodeSchema": "n0",
          "properties": [
            {
              "property": "rating",
              "type": "integer",
              "identifier": "b255b604-3a6a-4ed4-a691-4a05cf15ba4f"
            }
          ]
        }
      }
    },
    "mappingModel": {
      "nodeMappings": {
        "n0": {
          "nodeSchema": "n0",
          "fileSchema": "books.csv",
          "mappings": [
            {
              "field": "book_id"
            },
            {
              "field": "isbn"
            },
            {
              "field": "isbn13"
            },
            {
              "field": "original_publication_year"
            },
            {
              "field": "original_title"
            },
            {
              "field": "title"
            },
            {
              "field": "language_code"
            },
            {
              "field": "average_rating"
            },
            {
              "field": "ratings_count"
            },
            {
              "field": "image_url"
            },
            {
              "field": "small_image_url"
            }
          ]
        },
        "n1": {
          "nodeSchema": "n1",
          "fileSchema": "books.csv",
          "mappings": [
            {
              "field": "authors"
            }
          ]
        },
        "n2": {
          "nodeSchema": "n2",
          "fileSchema": "tags_reduced.csv",
          "mappings": [
            {
              "field": "tag_id"
            },
            {
              "field": "tag_name"
            }
          ]
        },
        "n3": {
          "nodeSchema": "n3",
          "fileSchema": "ratings.csv",
          "mappings": [
            {
              "field": "user_id"
            }
          ]
        }
      },
      "relationshipMappings": {
        "n0": {
          "relationshipSchema": "n0",
          "mappings": [],
          "sourceMappings": [
            {
              "field": "authors"
            }
          ],
          "targetMappings": [
            {
              "field": "book_id"
            }
          ],
          "fileSchema": "books.csv"
        },
        "n1": {
          "relationshipSchema": "n1",
          "mappings": [
            {
              "field": "count"
            }
          ],
          "sourceMappings": [
            {
              "field": "goodreads_book_id"
            }
          ],
          "targetMappings": [
            {
              "field": "tag_id"
            }
          ],
          "fileSchema": "book_tags_reduced.csv"
        },
        "n2": {
          "relationshipSchema": "n2",
          "mappings": [
            {
              "field": "rating"
            }
          ],
          "sourceMappings": [
            {
              "field": "user_id"
            }
          ],
          "targetMappings": [
            {
              "field": "book_id"
            }
          ],
          "fileSchema": "ratings.csv"
        }
      }
    },
    "configurations": {
      "idsToIgnore": []
    }
  }
}