{
  "version": "0.1.2-beta.5",
  "graph": {
    "nodes": [
      {
        "id": "n0",
        "position": {
          "x": 0,
          "y": 0
        },
        "caption": "Session"
      },
      {
        "id": "n1",
        "position": {
          "x": 305,
          "y": 0
        },
        "caption": "Speaker"
      },
      {
        "id": "n2",
        "position": {
          "x": -261,
          "y": 0
        },
        "caption": "Industry"
      },
      {
        "id": "n4",
        "position": {
          "x": -152,
          "y": 157.5
        },
        "caption": "Topic"
      },
      {
        "id": "n5",
        "position": {
          "x": 56.641351267146995,
          "y": 211.42849222995386
        },
        "caption": "Experience"
      },
      {
        "id": "n6",
        "position": {
          "x": 0,
          "y": -191.5
        },
        "caption": "Type"
      },
      {
        "id": "n7",
        "position": {
          "x": 305,
          "y": -212.5
        },
        "caption": "Company"
      },
      {
        "id": "n8",
        "position": {
          "x": 305,
          "y": 211.42849222995386
        },
        "caption": "Session"
      },
      {
        "id": "n9",
        "position": {
          "x": 199.98952519551446,
          "y": 88.96313737763914
        },
        "caption": "Audience"
      }
    ],
    "relationships": [
      {
        "id": "n0",
        "type": "PRESENTS",
        "fromId": "n1",
        "toId": "n0"
      },
      {
        "id": "n1",
        "type": "FOR_INDUSTRY",
        "fromId": "n0",
        "toId": "n2"
      },
      {
        "id": "n3",
        "type": "ON_TOPIC",
        "fromId": "n0",
        "toId": "n4"
      },
      {
        "id": "n4",
        "type": "FOR_LEVEL",
        "fromId": "n0",
        "toId": "n5"
      },
      {
        "id": "n5",
        "type": "OF_TYPE",
        "fromId": "n0",
        "toId": "n6"
      },
      {
        "id": "n6",
        "type": "WORKS_AT",
        "fromId": "n1",
        "toId": "n7"
      },
      {
        "id": "n7",
        "type": "FOR_AUDIENCE",
        "fromId": "n0",
        "toId": "n9"
      }
    ]
  },
  "dataModel": {
    "fileModel": {
      "fileSchemas": {
        "GraphConnect Talks.csv": {
          "expanded": true,
          "fields": [
            {
              "name": "ID",
              "type": "string",
              "sample": "1",
              "include": true
            },
            {
              "name": "Company",
              "type": "string",
              "sample": "Ciena - Blue Planet",
              "include": true
            },
            {
              "name": "Industry",
              "type": "string",
              "sample": "Telecom",
              "include": true
            },
            {
              "name": "Topic",
              "type": "string",
              "sample": "CoreDB-UC",
              "include": true
            },
            {
              "name": "Audience",
              "type": "string",
              "sample": "Developer",
              "include": true
            },
            {
              "name": "Type",
              "type": "string",
              "sample": "Full Length Session",
              "include": true
            },
            {
              "name": "UseCase",
              "type": "string",
              "sample": "Telecom Networks",
              "include": true
            },
            {
              "name": "Title",
              "type": "string",
              "sample": "Telecomms Service Assurance & Service Fulfilment with Neo4j Graph Database",
              "include": true
            },
            {
              "name": "Abstract",
              "type": "string",
              "sample": "Attend this session to learn about how Neo4j can be used to model telecom networks, with a deeper focus on how to automate the network planning, design, and service assurance functions.",
              "include": true
            },
            {
              "name": "Experience",
              "type": "string",
              "sample": "Intermediate",
              "include": true
            },
            {
              "name": "FirstName",
              "type": "string",
              "sample": "Alvaro",
              "include": true
            },
            {
              "name": "LastName",
              "type": "string",
              "sample": "Oslé",
              "include": true
            },
            {
              "name": "FullName",
              "type": "string",
              "sample": "Alvaro Oslé",
              "include": true
            },
            {
              "name": "JobTitle",
              "type": "string",
              "sample": "Director of Architecture",
              "include": true
            },
            {
              "name": "Biography",
              "type": "string",
              "sample": "Álvaro is a seasoned telecoms and OSS expert with over 20 years of experience. Passionate about bringing innovative software products to market, Álvaro is specialized in Service Fulfillment, Network Inventory Management, and Service Assurance across all network technologies. During his career, he has worked with large software providers and system integrators in large and complex IT and Telco Transformation projects for large communication service providers around the world. Álvaro is now working for Ciena, focused on driving the architecture for the BluePlanet software portfolio.",
              "include": true
            }
          ]
        },
        "GraphConnect Schedule.csv": {
          "expanded": true,
          "fields": [
            {
              "name": "Date",
              "type": "string",
              "sample": "2022-06-05",
              "include": true
            },
            {
              "name": "Title",
              "type": "string",
              "sample": "3 Ways You Can Use Ontologies in Neo4j",
              "include": true
            },
            {
              "name": "StartTime",
              "type": "string",
              "sample": "14:30",
              "include": true
            },
            {
              "name": "EndTime",
              "type": "string",
              "sample": "16:00",
              "include": true
            },
            {
              "name": "Type",
              "type": "string",
              "sample": "Workshop",
              "include": true
            },
            {
              "name": "Start",
              "type": "string",
              "sample": "2022-06-05T14:30:00",
              "include": true
            },
            {
              "name": "End",
              "type": "string",
              "sample": "2022-06-05T16:00:00",
              "include": true
            }
          ]
        }
      }
    },
    "graphModel": {
      "nodeSchemas": {
        "n0": {
          "label": "Session",
          "additionLabels": [],
          "labelProperties": [],
          "properties": [
            {
              "property": "Title",
              "type": "string",
              "identifier": "428ce125-c061-49dd-baa7-c0ad0baf273a"
            },
            {
              "property": "Abstract",
              "type": "string",
              "identifier": "4b814087-f595-4e27-8547-e2bbdcd0edf7"
            },
            {
              "property": "ID",
              "type": "string",
              "identifier": "2120b3a0-868e-4054-8a3b-4c2c037dc454"
            },
            {
              "property": "UseCase",
              "type": "string",
              "identifier": "b13c4568-58bc-4feb-a53e-63ee14a57c40"
            }
          ],
          "key": {
            "properties": [
              "428ce125-c061-49dd-baa7-c0ad0baf273a"
            ],
            "name": ""
          }
        },
        "n1": {
          "label": "Speaker",
          "additionLabels": [],
          "labelProperties": [],
          "properties": [
            {
              "property": "FirstName",
              "type": "string",
              "identifier": "e438e5c5-626e-42c3-aff6-ec1742d78596"
            },
            {
              "property": "LastName",
              "type": "string",
              "identifier": "1de6bd30-f563-4269-99e0-25e1dbc18867"
            },
            {
              "property": "FullName",
              "type": "string",
              "identifier": "34553325-383c-4223-a45f-62175cafa564"
            },
            {
              "property": "JobTitle",
              "type": "string",
              "identifier": "72b6ad8c-2199-442e-8daf-645fe9979450"
            },
            {
              "property": "Biography",
              "type": "string",
              "identifier": "4050cf78-6296-4b9d-a441-3c3a0e2289c6"
            }
          ],
          "key": {
            "properties": [
              "34553325-383c-4223-a45f-62175cafa564"
            ],
            "name": ""
          }
        },
        "n2": {
          "label": "Industry",
          "additionLabels": [],
          "labelProperties": [],
          "properties": [
            {
              "property": "Industry",
              "type": "string",
              "identifier": "efbf2f2c-7889-4fb3-a8d3-a958cff818aa"
            }
          ],
          "key": {
            "properties": [
              "efbf2f2c-7889-4fb3-a8d3-a958cff818aa"
            ],
            "name": ""
          }
        },
        "n4": {
          "label": "Topic",
          "additionLabels": [],
          "labelProperties": [],
          "properties": [
            {
              "property": "Topic",
              "type": "string",
              "identifier": "9246acb6-0acb-4be1-ac32-46eb053d89c3"
            }
          ],
          "key": {
            "properties": [
              "9246acb6-0acb-4be1-ac32-46eb053d89c3"
            ],
            "name": ""
          }
        },
        "n5": {
          "label": "Experience",
          "additionLabels": [],
          "labelProperties": [],
          "properties": [
            {
              "property": "Experience",
              "type": "string",
              "identifier": "071495af-5184-434a-9547-a755a7d97a40"
            }
          ],
          "key": {
            "properties": [
              "071495af-5184-434a-9547-a755a7d97a40"
            ],
            "name": ""
          }
        },
        "n6": {
          "label": "Type",
          "additionLabels": [],
          "labelProperties": [],
          "properties": [
            {
              "property": "Type",
              "type": "string",
              "identifier": "15005bb2-b846-4b5f-923e-6c0339fd7f16"
            }
          ],
          "key": {
            "properties": [
              "15005bb2-b846-4b5f-923e-6c0339fd7f16"
            ],
            "name": ""
          }
        },
        "n7": {
          "label": "Company",
          "additionLabels": [],
          "labelProperties": [],
          "properties": [
            {
              "property": "Company",
              "type": "string",
              "identifier": "fa2ee303-270a-466a-bed5-6368b635cae6"
            }
          ],
          "key": {
            "properties": [
              "fa2ee303-270a-466a-bed5-6368b635cae6"
            ],
            "name": ""
          }
        },
        "n8": {
          "label": "Session",
          "additionLabels": [],
          "labelProperties": [],
          "properties": [
            {
              "property": "Date",
              "type": "string",
              "identifier": "9e573869-7966-4ec3-99b4-f00dac785797"
            },
            {
              "property": "Title",
              "type": "string",
              "identifier": "8101b5e5-5aa3-4a18-9024-d84f1537201a"
            },
            {
              "property": "StartTime",
              "type": "string",
              "identifier": "45a54364-ea44-447c-9e33-ae2b2ba40052"
            },
            {
              "property": "EndTime",
              "type": "string",
              "identifier": "adaa7d5a-f6eb-4b52-bdd1-82db0135af19"
            },
            {
              "property": "Type",
              "type": "string",
              "identifier": "f70546f4-2146-4fd7-bd6d-41a926c2fd33"
            },
            {
              "property": "Start",
              "type": "string",
              "identifier": "653cd636-6879-46b6-9931-06473e3e95b4"
            },
            {
              "property": "End",
              "type": "string",
              "identifier": "c1ca0a0f-e83f-4fde-9c73-86e4849b9adc"
            }
          ],
          "key": {
            "properties": [
              "8101b5e5-5aa3-4a18-9024-d84f1537201a"
            ],
            "name": ""
          }
        },
        "n9": {
          "label": "Audience",
          "additionLabels": [],
          "labelProperties": [],
          "properties": [
            {
              "property": "Audience",
              "type": "string",
              "identifier": "8baecc3c-8335-4303-9c28-9057a825d205"
            }
          ],
          "key": {
            "properties": [
              "8baecc3c-8335-4303-9c28-9057a825d205"
            ],
            "name": ""
          }
        }
      },
      "relationshipSchemas": {
        "n0": {
          "type": "PRESENTS",
          "sourceNodeSchema": "n1",
          "targetNodeSchema": "n0",
          "properties": []
        },
        "n1": {
          "type": "FOR_INDUSTRY",
          "sourceNodeSchema": "n0",
          "targetNodeSchema": "n2",
          "properties": []
        },
        "n3": {
          "type": "ON_TOPIC",
          "sourceNodeSchema": "n0",
          "targetNodeSchema": "n4",
          "properties": []
        },
        "n4": {
          "type": "FOR_LEVEL",
          "sourceNodeSchema": "n0",
          "targetNodeSchema": "n5",
          "properties": []
        },
        "n5": {
          "type": "OF_TYPE",
          "sourceNodeSchema": "n0",
          "targetNodeSchema": "n6",
          "properties": []
        },
        "n6": {
          "type": "WORKS_AT",
          "sourceNodeSchema": "n1",
          "targetNodeSchema": "n7",
          "properties": []
        },
        "n7": {
          "type": "FOR_AUDIENCE",
          "sourceNodeSchema": "n0",
          "targetNodeSchema": "n9",
          "properties": []
        }
      }
    },
    "mappingModel": {
      "nodeMappings": {
        "n0": {
          "nodeSchema": "n0",
          "fileSchema": "GraphConnect Talks.csv",
          "mappings": [
            {
              "field": "Title"
            },
            {
              "field": "Abstract"
            },
            {
              "field": "ID"
            },
            {
              "field": "UseCase"
            }
          ]
        },
        "n1": {
          "nodeSchema": "n1",
          "fileSchema": "GraphConnect Talks.csv",
          "mappings": [
            {
              "field": "FirstName"
            },
            {
              "field": "LastName"
            },
            {
              "field": "FullName"
            },
            {
              "field": "JobTitle"
            },
            {
              "field": "Biography"
            }
          ]
        },
        "n2": {
          "nodeSchema": "n2",
          "fileSchema": "GraphConnect Talks.csv",
          "mappings": [
            {
              "field": "Industry"
            }
          ]
        },
        "n4": {
          "nodeSchema": "n4",
          "fileSchema": "GraphConnect Talks.csv",
          "mappings": [
            {
              "field": "Topic"
            }
          ]
        },
        "n5": {
          "nodeSchema": "n5",
          "fileSchema": "GraphConnect Talks.csv",
          "mappings": [
            {
              "field": "Experience"
            }
          ]
        },
        "n6": {
          "nodeSchema": "n6",
          "fileSchema": "GraphConnect Talks.csv",
          "mappings": [
            {
              "field": "Type"
            }
          ]
        },
        "n7": {
          "nodeSchema": "n7",
          "fileSchema": "GraphConnect Talks.csv",
          "mappings": [
            {
              "field": "Company"
            }
          ]
        },
        "n8": {
          "nodeSchema": "n8",
          "fileSchema": "GraphConnect Schedule.csv",
          "mappings": [
            {
              "field": "Date"
            },
            {
              "field": "Title"
            },
            {
              "field": "StartTime"
            },
            {
              "field": "EndTime"
            },
            {
              "field": "Type"
            },
            {
              "field": "Start"
            },
            {
              "field": "End"
            }
          ]
        },
        "n9": {
          "nodeSchema": "n9",
          "fileSchema": "GraphConnect Talks.csv",
          "mappings": [
            {
              "field": "Audience"
            }
          ]
        }
      },
      "relationshipMappings": {
        "n0": {
          "relationshipSchema": "n0",
          "mappings": [],
          "sourceMappings": [
            {
              "field": "FullName"
            }
          ],
          "targetMappings": [
            {
              "field": "Title"
            }
          ],
          "fileSchema": "GraphConnect Talks.csv"
        },
        "n1": {
          "relationshipSchema": "n1",
          "mappings": [],
          "sourceMappings": [
            {
              "field": "Title"
            }
          ],
          "targetMappings": [
            {
              "field": "Industry"
            }
          ],
          "fileSchema": "GraphConnect Talks.csv"
        },
        "n3": {
          "relationshipSchema": "n3",
          "mappings": [],
          "sourceMappings": [
            {
              "field": "Title"
            }
          ],
          "targetMappings": [
            {
              "field": "Topic"
            }
          ],
          "fileSchema": "GraphConnect Talks.csv"
        },
        "n4": {
          "relationshipSchema": "n4",
          "mappings": [],
          "sourceMappings": [
            {
              "field": "Title"
            }
          ],
          "targetMappings": [
            {
              "field": "Experience"
            }
          ],
          "fileSchema": "GraphConnect Talks.csv"
        },
        "n5": {
          "relationshipSchema": "n5",
          "mappings": [],
          "sourceMappings": [
            {
              "field": "Title"
            }
          ],
          "targetMappings": [
            {
              "field": "Type"
            }
          ],
          "fileSchema": "GraphConnect Talks.csv"
        },
        "n6": {
          "relationshipSchema": "n6",
          "mappings": [],
          "sourceMappings": [
            {
              "field": "FullName"
            }
          ],
          "targetMappings": [
            {
              "field": "Company"
            }
          ],
          "fileSchema": "GraphConnect Talks.csv"
        },
        "n7": {
          "relationshipSchema": "n7",
          "mappings": [],
          "sourceMappings": [
            {
              "field": "Title"
            }
          ],
          "targetMappings": [
            {
              "field": "Audience"
            }
          ],
          "fileSchema": "GraphConnect Talks.csv"
        }
      }
    },
    "configurations": {
      "idsToIgnore": []
    }
  }
}