{
  "version": "0.0.1",
  "graph": {
    "nodes": [
      {
        "id": "n0",
        "position": {
          "x": 477.09982937096174,
          "y": 0
        },
        "caption": "Transaction"
      },
      {
        "id": "n1",
        "position": {
          "x": 178.5,
          "y": 0
        },
        "caption": "NFT"
      },
      {
        "id": "n2",
        "position": {
          "x": -34.85308570193499,
          "y": -127.40765605513188
        },
        "caption": "Collection"
      },
      {
        "id": "n3",
        "position": {
          "x": -34.85308570193499,
          "y": 208.90744103987836
        },
        "caption": "Category"
      },
      {
        "id": "n4",
        "position": {
          "x": 721.2457501531899,
          "y": -171.91459352179922
        },
        "caption": "Trader"
      },
      {
        "id": "n5",
        "position": {
          "x": 721.2457501531899,
          "y": 171.91459352179922
        },
        "caption": "Trader"
      }
    ],
    "relationships": [
      {
        "id": "n0",
        "type": "FOR_NFT",
        "fromId": "n0",
        "toId": "n1"
      },
      {
        "id": "n1",
        "type": "IN_COLLECTION",
        "fromId": "n1",
        "toId": "n2"
      },
      {
        "id": "n2",
        "type": "IN_CATEGORY",
        "fromId": "n1",
        "toId": "n3"
      },
      {
        "id": "n3",
        "type": "SOLD",
        "fromId": "n4",
        "toId": "n0"
      },
      {
        "id": "n4",
        "type": "BOUGHT",
        "fromId": "n5",
        "toId": "n0"
      }
    ]
  },
  "dataModel": {
    "fileModel": {
      "fileSchemas": {
        "nft_2021-01-01.csv": {
          "expanded": true,
          "fields": [
            {
              "name": "Smart_contract",
              "type": "string",
              "sample": "",
              "include": true
            },
            {
              "name": "ID_token",
              "type": "string",
              "sample": "55822131.0",
              "include": true
            },
            {
              "name": "Transaction_hash",
              "type": "string",
              "sample": "0xccfeeefc840efdb31ec864b893cba96551f2e0b810274517a14464b59d170987",
              "include": true
            },
            {
              "name": "Seller_address",
              "type": "string",
              "sample": "0x4ef40d1bf0983899892946830abf99eca2dbc5ce",
              "include": true
            },
            {
              "name": "Seller_username",
              "type": "string",
              "sample": "",
              "include": true
            },
            {
              "name": "Buyer_address",
              "type": "string",
              "sample": "0x9ecee66868cbbb2c0b45fcf77a16e4fb965eb710",
              "include": true
            },
            {
              "name": "Buyer_username",
              "type": "string",
              "sample": "",
              "include": true
            },
            {
              "name": "Image_url_1",
              "type": "string",
              "sample": "https://card.godsunchained.com/?id=152&q=3",
              "include": true
            },
            {
              "name": "Image_url_2",
              "type": "string",
              "sample": "",
              "include": true
            },
            {
              "name": "Image_url_3",
              "type": "string",
              "sample": "",
              "include": true
            },
            {
              "name": "Image_url_4",
              "type": "string",
              "sample": "",
              "include": true
            },
            {
              "name": "Price_Crypto",
              "type": "string",
              "sample": "0.0242",
              "include": true
            },
            {
              "name": "Crypto",
              "type": "string",
              "sample": "ETH",
              "include": true
            },
            {
              "name": "Price_USD",
              "type": "string",
              "sample": "17.748884999999994",
              "include": true
            },
            {
              "name": "Name",
              "type": "string",
              "sample": "",
              "include": true
            },
            {
              "name": "Description",
              "type": "string",
              "sample": "",
              "include": true
            },
            {
              "name": "Collection",
              "type": "string",
              "sample": "Godsunchained",
              "include": true
            },
            {
              "name": "Market",
              "type": "string",
              "sample": "Godsunchained",
              "include": true
            },
            {
              "name": "Datetime_updated",
              "type": "string",
              "sample": "2021-01-01 00:00:00",
              "include": true
            },
            {
              "name": "Datetime_updated_seconds",
              "type": "string",
              "sample": "2021-01-01 23:28:13",
              "include": true
            },
            {
              "name": "Permanent_link",
              "type": "string",
              "sample": "",
              "include": true
            },
            {
              "name": "Unique_id_collection",
              "type": "string",
              "sample": "('Godsunchained', '55822131.0')",
              "include": true
            },
            {
              "name": "Collection_cleaned",
              "type": "string",
              "sample": "Godsunchained",
              "include": true
            },
            {
              "name": "Category",
              "type": "string",
              "sample": "Games",
              "include": true
            }
          ]
        }
      }
    },
    "graphModel": {
      "nodeSchemas": {
        "n0": {
          "label": "Transaction",
          "additionLabels": [],
          "labelProperties": [],
          "properties": [
            {
              "property": "Transaction_hash",
              "type": "string"
            },
            {
              "property": "Price_Crypto",
              "type": "float"
            },
            {
              "property": "Crypto",
              "type": "string"
            },
            {
              "property": "Price_USD",
              "type": "float"
            },
            {
              "property": "Datetime_updated",
              "type": "string"
            },
            {
              "property": "Datetime_updated_seconds",
              "type": "string"
            }
          ],
          "key": {
            "properties": [
              0
            ],
            "name": ""
          }
        },
        "n1": {
          "label": "NFT",
          "additionLabels": [],
          "labelProperties": [],
          "properties": [
            {
              "property": "Smart_contract",
              "type": "string"
            },
            {
              "property": "ID_token",
              "type": "string"
            },
            {
              "property": "Image_url_1",
              "type": "string"
            },
            {
              "property": "Image_url_2",
              "type": "string"
            },
            {
              "property": "Name",
              "type": "string"
            },
            {
              "property": "Description",
              "type": "string"
            },
            {
              "property": "Permanent_link",
              "type": "string"
            },
            {
              "property": "Market",
              "type": "string"
            }
          ],
          "key": {
            "properties": [
              1
            ],
            "name": ""
          }
        },
        "n2": {
          "label": "Collection",
          "additionLabels": [],
          "labelProperties": [],
          "properties": [
            {
              "property": "Collection",
              "type": "string"
            },
            {
              "property": "Collection_cleaned",
              "type": "string"
            }
          ],
          "key": {
            "properties": [
              0
            ],
            "name": ""
          }
        },
        "n3": {
          "label": "Category",
          "additionLabels": [],
          "labelProperties": [],
          "properties": [
            {
              "property": "Category",
              "type": "string"
            }
          ],
          "key": {
            "properties": [
              0
            ],
            "name": ""
          }
        },
        "n4": {
          "label": "Trader",
          "additionLabels": [],
          "labelProperties": [],
          "properties": [
            {
              "property": "address",
              "type": "string"
            },
            {
              "property": "username",
              "type": "string"
            }
          ],
          "key": {
            "properties": [
              0
            ],
            "name": ""
          }
        },
        "n5": {
          "label": "Trader",
          "additionLabels": [],
          "labelProperties": [],
          "properties": [
            {
              "property": "address",
              "type": "string"
            },
            {
              "property": "username",
              "type": "string"
            }
          ],
          "key": {
            "properties": [
              0
            ],
            "name": ""
          }
        }
      },
      "relationshipSchemas": {
        "n0": {
          "type": "FOR_NFT",
          "sourceNodeSchema": "n0",
          "targetNodeSchema": "n1",
          "properties": []
        },
        "n1": {
          "type": "IN_COLLECTION",
          "sourceNodeSchema": "n1",
          "targetNodeSchema": "n2",
          "properties": []
        },
        "n2": {
          "type": "IN_CATEGORY",
          "sourceNodeSchema": "n1",
          "targetNodeSchema": "n3",
          "properties": []
        },
        "n3": {
          "type": "SOLD",
          "sourceNodeSchema": "n4",
          "targetNodeSchema": "n0",
          "properties": []
        },
        "n4": {
          "type": "BOUGHT",
          "sourceNodeSchema": "n5",
          "targetNodeSchema": "n0",
          "properties": []
        }
      }
    },
    "mappingModel": {
      "nodeMappings": {
        "n0": {
          "nodeSchema": "n0",
          "fileSchema": "nft_2021-01-01.csv",
          "mappings": [
            {
              "field": "Transaction_hash"
            },
            {
              "field": "Price_Crypto"
            },
            {
              "field": "Crypto"
            },
            {
              "field": "Price_USD"
            },
            {
              "field": "Datetime_updated"
            },
            {
              "field": "Datetime_updated_seconds"
            }
          ]
        },
        "n1": {
          "nodeSchema": "n1",
          "fileSchema": "nft_2021-01-01.csv",
          "mappings": [
            {
              "field": "Smart_contract"
            },
            {
              "field": "ID_token"
            },
            {
              "field": "Image_url_1"
            },
            {
              "field": "Image_url_2"
            },
            {
              "field": "Name"
            },
            {
              "field": "Description"
            },
            {
              "field": "Permanent_link"
            },
            {
              "field": "Market"
            }
          ]
        },
        "n2": {
          "nodeSchema": "n2",
          "fileSchema": "nft_2021-01-01.csv",
          "mappings": [
            {
              "field": "Collection"
            },
            {
              "field": "Collection_cleaned"
            }
          ]
        },
        "n3": {
          "nodeSchema": "n3",
          "fileSchema": "nft_2021-01-01.csv",
          "mappings": [
            {
              "field": "Category"
            }
          ]
        },
        "n4": {
          "nodeSchema": "n4",
          "fileSchema": "nft_2021-01-01.csv",
          "mappings": [
            {
              "field": "Seller_address"
            },
            {
              "field": "Seller_username"
            }
          ]
        },
        "n5": {
          "nodeSchema": "n5",
          "fileSchema": "nft_2021-01-01.csv",
          "mappings": [
            {
              "field": "Buyer_address"
            },
            {
              "field": "Buyer_username"
            }
          ]
        }
      },
      "relationshipMappings": {
        "n0": {
          "relationshipSchema": "n0",
          "mappings": [],
          "sourceMappings": [
            {
              "field": "Transaction_hash"
            }
          ],
          "targetMappings": [
            {
              "field": "ID_token"
            }
          ],
          "fileSchema": "nft_2021-01-01.csv"
        },
        "n1": {
          "relationshipSchema": "n1",
          "mappings": [],
          "sourceMappings": [
            {
              "field": "ID_token"
            }
          ],
          "targetMappings": [
            {
              "field": "Collection"
            }
          ],
          "fileSchema": "nft_2021-01-01.csv"
        },
        "n2": {
          "relationshipSchema": "n2",
          "mappings": [],
          "sourceMappings": [
            {
              "field": "ID_token"
            }
          ],
          "targetMappings": [
            {
              "field": "Category"
            }
          ],
          "fileSchema": "nft_2021-01-01.csv"
        },
        "n3": {
          "relationshipSchema": "n3",
          "mappings": [],
          "sourceMappings": [
            {
              "field": "Seller_address"
            }
          ],
          "targetMappings": [
            {
              "field": "Transaction_hash"
            }
          ],
          "fileSchema": "nft_2021-01-01.csv"
        },
        "n4": {
          "relationshipSchema": "n4",
          "mappings": [],
          "sourceMappings": [
            {
              "field": "Buyer_address"
            }
          ],
          "targetMappings": [
            {
              "field": "Transaction_hash"
            }
          ],
          "fileSchema": "nft_2021-01-01.csv"
        }
      }
    }
  },
  "configurations": {
    "hasAcceptedTermsAndConditions": false
  }
}